﻿<?xml version="1.0" encoding="utf-8"?>
<resources>
	<string name="hello">Hello World, Click Me!</string>
	<string name="app_name">MYAveris</string>
  <string name="open_drawer">Open</string>
  <string name="close_drawer">Close</string>

  <string name="gcm_defaultSenderId">357760416135</string>
  
  <string name="ErrorMessage">Failed to load YouTube Player</string>
  
  <string name="Empty"></string>
  <string name="MyAveris">MYAveris</string>
  <string name="ApplicationForm">Application Form</string>
  <string name="ApplicationList">Job Application List</string>
  <string name="Photo">Gallery</string>
  <string name="Video">Video</string>
  <string name="AverisInfo">About Averis</string>
  <string name="JobApplication">Job Application</string>
  <string name="PersonalInfo">Personal Information</string>
  <string name="ContactDetails">Contact Details</string>
  <string name="FamilyDetails">Family Details</string>
  <string name="Education">Education Details</string>
  <string name="LanguageSkills">Language Skills</string>
  <string name="WorkingHistories">Working Histories</string>
  <string name="Activities">Social/Political Activities</string>
  <string name="NationalService">National Service Liability</string>
  <string name="References">References</string>
  <string name="PackageDetail">Current Package Detail</string>
  <string name="Declaration">Declaration</string>
  <string name="OfficeLocationTitle">Office Location</string>
  <string name="WorkingHourTitle">Working Hour</string>
  <string name="ParkingTitle">Parking</string>
  <string name="TransportationTitle">Transportation</string>
  <string name="FacilitiesTitle">Facilities</string>
  <string name="DressCodeTitle">Dress Code</string>
  <string name="UsefulWebsiteTitle">Useful Website &amp; Link</string>
  <string name="LeaveClaimsTitle">Expense Claim &amp; Leave Application</string>
  <string name="FunAtAverisTitle">Fun At Averis</string>
  <string name="UsefulContactTitle">Useful Contact</string>
  <string name="FoodBeverageTitle">Food &amp; Beverage</string>

  <string name="NormalWelcome">
    Hi,\n\nWe are pleased that you have decided to join Averis Sdn Bhd
    and we look forward to welcoming you on board.\n\nRegards,\nAveris\n\n
  </string>
  
  <string name="FirstPartWelcome7">
    Hi FIRST_NAME_LAST_NAME,\n\nWe are pleased that you have decided to join Averis Sdn Bhd 
    and we look forward to welcoming you on board.\n\nHere is some information you may find handy 
    to help you transition into your new role and help you get comfortable on your first day at Averis.\n\n
  </string>
  
  <string name="FinalPartWelcome7">
    \n\nWe shall see you on JOIN_DATE.\nShould you have any question in the meantime, please call us 
    at 603-2785-8888.\n\nRegards,\nRECRUITER_NAME\n\n
  </string>

  <string name="FirstPartWelcome1">
    Dear FIRST_NAME_LAST_NAME,\n\nCongratulations! I would like to personally extend a warm welcome to you 
    on board and wish you all the best and I hope you will enjoy working with us.\n\nUpon arrival at Averis, 
    please come up to level 5 and ask for Puvana (or your recruiter) and the HR and Office Management team will help 
    get you settled in.\n\nIf you have further question, please feel free to call us at 603-2785-8888.\n\n
    Regards,
  </string>

  <string name="Location">
    Averis Sdn Bhd or Aceras Sdn Bhd\nLevel 5, Tower 2, Avenue 5, Bangsar South, No. 8 Jalan Kerinchi
    59200 Kuala Lumpur
  </string>

  <string name="DiscoverAveris">
    Welcome to Averis.\n\nReliable, accurate, service-oriented; at the heart of our operations beats our
    vision to provide our clients with the best scalable, cost-effective outsourcing global business
    solutions in real-time!\n\nAveris commenced operations in July 2006 with a mission to provide high quality
    and scalable shared-services to support our key Client’s platform for growth and to continually manage
    enterprise risk. With the explosion of new technologies and the increased competitive pressures that
    our Client faces globally, Averis has a compelling mandate to be a respected business partner to the
    Business Groups (BGs) that we serve.\n\nWith a focus on Information Technology, Human Resource, Finance
    and Accounting Services and Shipping Documentation, we deliver a full complement of value-added services.
  </string>

  <string name="DiscoverAceras">
    Aceras was established in February 2013. Aceras is focused on Knowledge Outsource Processing (KOP) and its mandate is to
    render value-added services in Digital Enterprise Services, LEAN Initiatives for Continuous Improvement and Consulting
    including managing transition of implemented applications.
  </string>

  <string name="WorkingHours">
    Our staff work 42.5 hours per week, 8.5 hours per day, Monday to Friday (e.g. 8.30am to 6.00 pm or 9.00 am to 6.30 pm, etc.). 
    However, due to operational needs, some staff will have a different set of working hours. Lunch break is 1 hour between 12.00 
    noon to 2.00 pm.
  </string>

  <string name="WorkingHours1">
    On your first day of work please come in at 8.30 am and make your way to Reception on Level 5 and ask for your recruiter.
  </string>

  <string name="Transportation1">
    Strategically located between Kuala Lumpur, Petaling Jaya and Bangsar, Bangsar South is easy accessed via Federal highway,
    New Pantai Expressway (NPE), and SPRINT Highway.\n\nBasement 2, 3 and 4 car park - If you are driving from Federal Highway 
    towards Jalan Kerinchi, Nexus and Capri will be on your right. Continue onto Jalan Kerinchi, Averis will be on your left.
  </string>

  <string name="Transportation2">
    The Bangsar South community is served by a complimentary shuttle service for convenient access within the integrated city
    development.\n\nThe shuttle service operates a circular route with designated drop off/pick up points in and around Bangsar
    South. It runs every 30 minutes.
  </string>

  <string name="Transportation2Info1">
    It is available on weekdays from 8.00am to 8.00pm (Mondays – Fridays).
  </string>

  <string name="Transportation2Info2">
    Travel times may vary depending on traffic/weather conditions.
  </string>

  <string name="Transportation2Info3">
    There will be no shuttle services on Saturdays, Sundays and Public Holidays.
  </string>

  <string name="Transportation2Info4">
    There will be no shuttle services between 11.00am to 11.29am and 4.00pm to 4.29pm.
  </string>

  <string name="Transportation2Info5">
    The shuttle bus does not stop at The Village and Universiti LRT from 11.45am to 2.30pm.
  </string>

  <string name="Transportation2Info6">
    The shuttle service is provided on a first-come-first-served basis.
  </string>

  <string name="Transportation2Note">
    * The Management reserves the right to change the schedule of the shuttle service without prior notice.
  </string>

  <string name="Transportation3">
    Take the Light Rail Transit (LRT) to Kerinchi LRT Station / Universiti LRT station.\nAveris is within 10 – 15 minutes walking
    distance from both the train stations.\n\nFrom Kerinchi LRT station, walk along the covered pedestrian bridge and central park
    (or covered walkway at B1) at Bangsar South towards The Sphere. There is also a covered pedestrian bridge to cross from Jalan
    Kerinchi to The Sphere.\n\nAlternatively, take a ride on the complimentary shuttle service from Universiti LRT station to The 
    Horizon Phase 2.
  </string>

  <string name="Parking">
    Monthly car parking is available for Averis staff members at RM85 per month (floating car park). Please contact Dats 
    Management – 03-2245 9080\nOR\nenquire with our friendly Office Management (OM) team at email:
  </string>

  <string name="CenterSupportEmail">
    &lt;a href="mailto:CSC-OfficeManagement@averis.biz"&gt; CSC-OfficeManagement@averis.biz &lt;/a&gt;
  </string>

  <string name="LeaveClaims">
    For Leave Applications and Expense Claims, applications are made through our Employee
    Self Service (ESS) available on our internal IT system.
  </string>

  <string name="ITEmail">
    &lt;a href="mailto:averisit@averis.biz"&gt; AverisIT@averis.biz &lt;/a&gt;
  </string>

  <string name="HREmail">
    &lt;a href="mailto:averishr@averis.biz"&gt; AverisHR@averis.biz &lt;/a&gt;
  </string>

  <string name="FAEmail">
    &lt;a href="mailto:averisfa@averis.biz"&gt; AverisFA@averis.biz &lt;/a&gt;
  </string>

  <string name="FunAtAveris1">
    ARC organizes many recreational and sporting events for Averis team members. Sporting events such as Badminton @ Wednesdays and
    Futsal and Bowling matches each year. There’s also the Annual Dinner &amp; Dance plus celebration of various Malaysian Festivals
    and many more.
  </string>

  <string name="FunAtAveris2">
    Each tower organizes their own fun activities (Movies, Food, Sports) each quarter.
  </string>

  <string name="FunAtAveris3">
    Fish Club within the HR tower organizes fun contests and competitions and activities for HR tower team members.
  </string>

  <string name="FoodBeverages1">
    A lovely range of eateries featuring local favorites and Western-style cuisine.\nLG: Blu Cafe, Food Court\nGround Floor:
    Tappers, S’mores, Little Taiwan, OISO Korean restaurant\n1st Floor: Simply Mels Malacca Portugese, The Chicken Rice Shop, 
    Ah Cheng Laksa
  </string>

  <string name="FoodBeverages2">
    RM 15-35 for lunch\nA breezy and buzzy mall, Nexus attracts many professionals out for a chat and drink with friends. 
    Show your Averis tag for 10% discount at Chilli Expresso.
  </string>

  <string name="FoodBeverages3">
    RM5-7 for lunch\nLocated behind the Balai Polis, the “Balai” food court has many Malay food stalls with the nasi kukus 
    with fried chicken at RM5 being a crowd favorite.
  </string>

  <string name="FoodBeverages4">
    Need a cup of coffee?  Get a 10% discount at Tedboy Express, Pie Kingdom and Riposante by showing your Averis or Aceras tag. 
    Great local hot Kopi at Suria Food Court and MyNews.com
  </string>

  <string name="UsefulWebsite1">
    Keep in touch with Averis and our key Client, the RGE Group of Companies through
  </string>

  <string name="UsefulWebsite2">
    For more informal updates including recreation and sports activities organized by our Averis Recreation Club (ARC), visit us on
  </string>

  <string name="Facilities1">
    For new breastfeeding mothers on Level 3A &amp; Level 5
  </string>

  <string name="Facilities2">
    10 Shared Corp memberships at Clark Hatch PJ Hilton. 
    Book daily via staff intranet portal.\nOR\nChi-X Fitness at Nexus\n(Phone: 603 2242 2811)
  </string>

  <string name="Facilities3">
    RM1 per soft drink, Level 2 Pantry
  </string>

  <string name="Facilities4">
    Level 2 : For male surau\nLevel 3A : For female surau
  </string>

  <string name="DressCode1">
    At Averis, we encourage you to project a professional business-like image while enjoying a feeling of being comfortable at 
    the workplace.  We have a Business Casual or Smart Casual dress code every day.  On days when there are meetings with our 
    clients or external parties or when we expect VIP guests to visit Averis’ business premises, an announcement will be made 
    in advance and Business Casual attire will be expected of all staff.  Traditional attire such as Baju Kurung, Baju Punjabi, 
    Sari etc may also be worn. Clothes worn should be clean and tidy.
  </string>

  <string name="DressCodeNotAllowed1">
    Shorts or three-quarter pants
  </string>

  <string name="DressCodeNotAllowed2">
    Slippers
  </string>

  <string name="DressCodeNotAllowed3">
    Skirts that are too short or tight
  </string>

  <string name="DressCodeNotAllowed4">
    Torn jeans
  </string>

  <string name="AverisLocation">
    Level 5, Tower 2, Avenue 5\nBangsar South City\nNo. 8 Jalan Kerinchi\n59200 Kuala Lumpur
  </string>
  
  <string name="Agreement">
    I hereby declare that all the information given by me in this form and
    the copies attached are true and correct and that I am liable to be dismissed
    if it is found to be otherwise, notwithstanding any provisions in my contract
    of service with the Company. I acknowledge that employment is subject to my passing
    a medical examination.\n\nI confirm that I have been notified of and consent to the Company’s collection, use
    and/or disclosure, to any Group Company, of my personal data, provided to the Company by
    me or by third parties, such as referees and former employers for the following:\n\n(i) to assess my 
    suitability for employment by the Company;\n(ii) If I am hired, all purposes relating to my 
    gainful employment with the Company,
    including but not limited to administering and maintaining personnel records, paying
    and reviewing salary and other remuneration and benefits, undertaking performance
    appraisals and reviews, maintaining sickness and other absence records and taking
    decisions as to my fitness for work;\n(iii) ensuring the Company’s compliance with statutory and 
    other legal requirements as may be applicable.\n\nI agree to take such steps as may be necessary 
    to provide the Company with updates to my personal
    data as and when they occur. I also understand and agree that the provision of my personal data to
    the Company is necessary for the processing of this job application.\n\n
    Note to Applicant :\n(i) For all enquiries in relation to personal data, including seeking access 
    to, requesting correction 
    of and providing updates on your personal data, you may contact the data protection officer at 
    dpo@averis.biz or +60-3-27858888.\n(ii) You may request the data protection officer to reasonably 
    limit the processing of your 
    personal data, including personal data relating to other persons who may be identified from your 
    personal data, subject to the Company’s discretion which shall be exercised reasonably.
  </string>
</resources>
