﻿<?xml version="1.0" encoding="utf-8" ?>
<resources>
  <style name="Theme.Splash" parent="android:Theme">
    <item name="android:windowBackground">
      @drawable/splash
    </item>
    <item name="android:windowNoTitle">true</item>
    <item name="android:windowIsTranslucent">false</item>
    <item name="android:windowIsFloating">false</item>
    <item name="android:backgroundDimEnabled">true</item>
  </style>
  <style name="MyTheme" parent="@android:style/Theme.Light.NoTitleBar">
  </style>
  <style name="MyTheme.Base" parent="Theme.AppCompat.Light.DarkActionBar">
    <item name="windowNoTitle">true</item>
    <item name="windowActionBar">false</item>
    <item name="colorPrimary">@color/White</item>
    <item name="colorPrimaryDark">@color/ColorPrimaryDark</item>
    <item name="colorAccent">@color/ColorAccent</item>
    <item name="android:dialogTheme">@style/MyDialogTheme</item>
  </style>

  <style name="MyDialogTheme" parent="android:Theme.Material.Dialog">
    <item name="android:datePickerStyle">@style/MyDatePicker</item>
  </style>

  <style name="MyDatePicker" parent="android:Widget.Material.DatePicker">
    <item name="android:datePickerMode">spinner</item>
  </style>
  
  <style name="MyTheme" parent="MyTheme.Base">
  </style>
</resources>