﻿<?xml version="1.0" encoding="utf-8"?>
<selector xmlns:android="http://schemas.android.com/apk/res/android">
  <item>
    <layer-list>
      <item>
        <shape>
          <solid android:color="#FFFFFFFF" />
          <corners android:radius="0dip" />
          <stroke android:width="1dip" android:color="#111111"/>
        </shape>
      </item>
      <item>
        <bitmap android:gravity="right"
        android:src="@drawable/calendar"/>
      </item>
    </layer-list>
  </item>
</selector>