﻿<?xml version="1.0" encoding="utf-8" ?>
<selector xmlns:android="http://schemas.android.com/apk/res/android" >
  <item android:state_enabled="false" >
    <shape android:shape="rectangle"  >
      <corners android:radius="30dip" />
      <solid android:color="@color/White" />
    </shape>
  </item>
  <item android:state_pressed="true" >
    <shape android:shape="rectangle"  >
      <corners android:radius="30dip" />
      <solid android:color="@color/GhostWhite" />
    </shape>
  </item>
  <item android:state_focused="true">
    <shape android:shape="rectangle"  >
      <solid android:color="@color/GhostWhite" />
    </shape>
  </item>
  <item >
    <shape android:shape="rectangle"  >
      <corners android:radius="30dip" />
      <solid android:color="@color/White" />
    </shape>
  </item>
</selector>