﻿<?xml version="1.0" encoding="utf-8"?>
<component format="1" id="Lyft.Scissors.Picasso" is-shell="true">
  <name>Scissors</name>
  <publisher>Xamarin Inc</publisher>
  <publisher-url>http://xamarin.com/</publisher-url>
  <src-url>https://github.com/lyft/scissors</src-url>
  <version>1.0.1.0</version>
  <summary>Fixed viewport image cropping library for Android.</summary>
  <packages>
    <package id="Lyft.Scissors.Picasso" version="1.0.1" framework="android" />
  </packages>
  <samples>
    <sample id="ScissorsSample">
      <name>Android Sample</name>
      <summary>Android Sample</summary>
    </sample>
  </samples>
</component>