﻿<?xml version="1.0" encoding="utf-8"?>
<component format="1" id="googleplayservices-maps" is-shell="true">
  <name>Google Play Services - Maps</name>
  <publisher>Xamarin Inc.</publisher>
  <publisher-url>http://xamarin.com</publisher-url>
  <version>29.0.0.2</version>
  <summary>Add custom markers, styled maps, 3D buildings, indoor floor plans, street view, satellite imagery, and more to your Android app.</summary>
  <packages>
    <package id="Xamarin.GooglePlayServices.Maps" version="29.0.0.2" framework="android" />
  </packages>
  <samples>
    <sample id="MapsSample">
      <name>Maps Sample</name>
      <summary>Maps Sample</summary>
    </sample>
  </samples>
</component>